institute,model,key
BCC,BCC-CSM1.1,BCC-BCC-CSM1.1
CMCC,CMCC-CESM,CMCC-CMCC-CESM
CMCC,CMCC-CM,CMCC-CMCC-CM
CMCC,CMCC-CMS,CMCC-CMCC-CMS
CNRM-CERFACS,CNRM-CM5,CNRM-CERFACS-CNRM-CM5
CSIRO-BOM,ACCESS1.0,CSIRO-BOM-ACCESS1.0
CSIRO-BOM,ACCESS1.3,CSIRO-BOM-ACCESS1.3
CSIRO-QCCCE,CSIRO-MK3.6.0,CSIRO-QCCCE-CSIRO-MK3.6.0
EC-EARTH,EC-EARTH,EC-EARTH-EC-EARTH
INM,INM-CM4,INM-INM-CM4
INPE,HADGEM2-ES,INPE-HADGEM2-ES
IPSL,IPSL-CM5A-LR,IPSL-IPSL-CM5A-LR
IPSL,IPSL-CM5A-MR,IPSL-IPSL-CM5A-MR
MOHC,HADCM3,MOHC-HADCM3
MOHC,HADGEM2-A,MOHC-HADGEM2-A
MOHC,HADGEM2-CC,MOHC-HADGEM2-CC
MOHC,HADGEM2-ES,MOHC-HADGEM2-ES
MPI-M,MPI-ESM-LR,MPI-M-MPI-ESM-LR
MPI-M,MPI-ESM-MR,MPI-M-MPI-ESM-MR
MPI-M,MPI-ESM-P,MPI-M-MPI-ESM-P
MRI,MRI-AGCM3.2H,MRI-MRI-AGCM3.2H
MRI,MRI-AGCM3.2S,MRI-MRI-AGCM3.2S
MRI,MRI-CGCM3,MRI-MRI-CGCM3
MRI,MRI-ESM1,MRI-MRI-ESM1
NASA-GISS,GISS-E2-H,NASA-GISS-GISS-E2-H
NASA-GISS,GISS-E2-H-CC,NASA-GISS-GISS-E2-H-CC
NASA-GISS,GISS-E2-R,NASA-GISS-GISS-E2-R
NASA-GISS,GISS-E2-R-CC,NASA-GISS-GISS-E2-R-CC
NASA-GISS,GISS-E2CS-H,NASA-GISS-GISS-E2CS-H
NASA-GISS,GISS-E2CS-R,NASA-GISS-GISS-E2CS-R
NCC,NORESM1-M,NCC-NORESM1-M
NCC,NORESM1-ME,NCC-NORESM1-ME
NCEP,CFSV2-2011,NCEP-CFSV2-2011
NOAA-GFDL,GFDL-CM2P1,NOAA-GFDL-GFDL-CM2P1
NOAA-GFDL,GFDL-CM3,NOAA-GFDL-GFDL-CM3
NOAA-GFDL,GFDL-ESM2G,NOAA-GFDL-GFDL-ESM2G
NOAA-GFDL,GFDL-ESM2M,NOAA-GFDL-GFDL-ESM2M
NOAA-GFDL,GFDL-HIRAM-C180,NOAA-GFDL-GFDL-HIRAM-C180
NOAA-GFDL,GFDL-HIRAM-C360,NOAA-GFDL-GFDL-HIRAM-C360
