component,metafor component
Aerosols,Aerosols
Aerosols > Emission & Concentration,AerosolEmissionAndConc
Aerosols > Model,AerosolModel
Aerosols > Transport,AerosolTransport
Atmosphere,Atmosphere
Atmosphere > Convection Cloud Turbulence,AtmosConvectTurbulCloud
Atmosphere > Convection Cloud Turbulence > Cloud Scheme,AtmosCloudScheme
Atmosphere > Convection Cloud Turbulence > Cloud Simulator,CloudSimulator
Atmosphere > Dynamical Core,AtmosDynamicalCore
Atmosphere > Dynamical Core > Advection,AtmosAdvection
Atmosphere > Orography & Waves,AtmosOrographyAndWaves
Atmosphere > Radiation,AtmosRadiation
Atmospheric Chemistry,AtmosphericChemistry
Atmospheric Chemistry > Emission & Concentration,AtmChemEmissionAndConc
Atmospheric Chemistry > Gas Phase Chemistry,AtmChemGasPhaseChemistry
Atmospheric Chemistry > Heterogen Chemistry,AtmChemHeterogenChemistry
Atmospheric Chemistry > Heterogen Chemistry > Stratospheric,StratosphericHeterChem
Atmospheric Chemistry > Heterogen Chemistry > Tropospheric,TroposphericHeterChem
Atmospheric Chemistry > Photo Chemistry,AtmChemPhotoChemistry
Atmospheric Chemistry > Transport,AtmChemTransport
Land Ice,LandIce
Land Ice > Glaciers,LandIceGlaciers
Land Ice > Sheet,LandIceSheet
Land Ice > Sheet > Dynamics,IceSheetDynamics
Land Ice > Shelves,LandIceShelves
Land Ice > Shelves > Dynamics,LandIceShelvesDynamics
Land Surface,LandSurface
Land Surface > Albedo,LandSurfaceAlbedo
Land Surface > Carbon Cycle,LandSurfaceCarbonCycle
Land Surface > Carbon Cycle > Vegetation,VegetationCarbonCycle
Land Surface > Energy Balance,LandSurfaceEnergyBalance
Land Surface > Lakes,LandSurfaceLakes
Land Surface > River Routing,RiverRouting
Land Surface > Snow,LandSurfaceSnow
Land Surface > Soil,LandSurfaceSoil
Land Surface > Soil > Heat Treatment,LandSurfSoilHeatTreatment
Land Surface > Soil > Hydrology,LandSurfSoilHydrology
Land Surface > Vegetation,LandSurfaceVegetation
Ocean,Ocean
Ocean > Advection,OceanAdvection
Ocean > Boundary Forcing,OceanBoundaryForcing
Ocean > Boundary Forcing > Tracers,OceanBoundForcingTracers
Ocean > Lateral Physics,OceanLateralPhysics
Ocean > Lateral Physics > Momentum,OceanLateralPhysMomentum
Ocean > Lateral Physics > Tracers,OceanLateralPhysTracers
Ocean > Upper & Lower Boundaries,OceanUpAndLowBoundaries
Ocean > Vertical Physics,OceanVerticalPhysics
Ocean > Vertical Physics > Interior Mixing,OceanInteriorMixing
Ocean > Vertical Physics > Mixed Layer,OceanMixedLayer
Ocean Bio-Geo Chemistry,OceanBiogeoChemistry
Ocean Bio-Geo Chemistry > Boundary Forcing,OceanBioBoundaryForcing
Ocean Bio-Geo Chemistry > Chemistry,OceanBioChemistry
Ocean Bio-Geo Chemistry > Gas Exchange,OceanBioGasExchange
Ocean Bio-Geo Chemistry > Tracers,OceanBioTracers
Ocean Bio-Geo Chemistry > Tracers > Ecosystem,OceanBioTracersEcosystem
Sea Ice,SeaIce
Sea Ice > Dynamics,SeaIceDynamics
Sea Ice > Thermodynamics,SeaIceThermodynamics
